{
  "schema_version": "1.0",
  "model_name": "model_from_pyx_to_py_investigating",
  "validation_status": "APPROVED",
  "validation_timestamp": "2026-04-27T16:42:00.760662",
  "code_quality": {
    "issues": [],
    "warnings": [
      "Random operations without seed setting"
    ],
    "score": 9
  },
  "anomalies": [],
  "academic_discrepancies": [],
  "risk_return_profile": {
    "expected_return": 0.16808426243305474,
    "volatility": 0.12744454471389274,
    "sharpe_ratio": 1.1259663237940918,
    "max_drawdown": 0.06158297604724679,
    "win_rate": 0.29285714285714287,
    "risk_score": "LOW",
    "return_score": "GOOD",
    "risk_return_ratio": 1.318881579516772
  },
  "statistical_robustness": {
    "mean_return": 0.19159731467239993,
    "std_return": 0.15000948748856602,
    "percentile_5": -0.03810285903189073,
    "percentile_95": 0.46281052773142417,
    "prob_positive_return": 0.92,
    "prob_negative_10": 0.04,
    "coefficient_of_variation": 1.2772346461553228,
    "robustness_score": "MEDIUM"
  }
}